>Positive|1
AAEEYGYLVTDEKPLS
>Positive|1
AAFVGAAATLVSLLTFMIAATYNFAVLKLMGR
>Positive|1
APKSENVVVTVKVMGDNGVLACAIATHAKIRD
>Positive|1
ASDYKSAHKGLKGVDAQGTLSKIFK
>Positive|1
ATSLAEAELSVTHP
>Positive|1
ATSLSPFYLRPPSFLR
>Positive|1
CHGSEPCIIHRGKPFQLEAVFEANQNSKTAK
>Positive|1
CLHYTVDKSKPK
>Positive|1
CQCLVRTPEVDDEAL
>Positive|1
DAEFRHDSGYEVHHQKLVFFAEDVGSNKGAIIGLMVGGVVIA
>Positive|1
DGVTVAKSIDLKDKYKNIGA
>Positive|1
DLNLPRLNALSAWLL
>Positive|1
DPTYLDITYHFVMQRLPL
>Positive|1
DSQEELWMFVRKKLM
>Positive|1
DSQVVRREIAKALSK
>Positive|1
EALEILQQNKILANFV
>Positive|1
EANQNSKTAKIEIKASIEGLEVDVPGIDPNAC
>Positive|1
EDNLGFLMHAPAFETAGTYLRLVKINDWTEITQF
>Positive|1
EEPIAAYHFDLSGKAFGAMA
>Positive|1
ENLPYLVAYQATVCARAQAP
>Positive|1
ETALKGEDKAAIEAKMQELAQVSQKLMEIA
>Positive|1
EVGELSRGKLYSLGNGRWMLTLAKNMEVRAI
>Positive|1
FEDIYFGLWGFNSSLA
>Positive|1
FFVRSIGSKGGKLAAGKYTDAVTV
>Positive|1
FNCLGMSNRDFLEGVSGATW
>Positive|1
FQLMGLYGREPDLSS
>Positive|1
GDGKMKELSPRWYFY
>Positive|1
GDIIKKMQTLWDEIM
>Positive|1
GGFEVNGNFIKVSAE
>Positive|1
GGVGLASTLWYAESNALSKRLGEL
>Positive|1
GINHEKYNSSQTIVSNAS
>Positive|1
GIVWVATEGALNTPKDHIGT
>Positive|1
GKMVAPSFTAEEKAQK
>Positive|1
GPPGPAGTAGARGAP
>Positive|1
GQVELGGGGIVEQCC
>Positive|1
GQVELGGGTPIESHQ
>Positive|1
GRTIIQRDNGYQPNYHAVNIVGYSNAQGVDYWI
>Positive|1
GRYVEAVNYFSKAIQ
>Positive|1
GSENKRTGALGNLKNGGLTAELKIYSVIQAEINKHL
>Positive|1
GSKYLATASTMDHARHGFLPRHRDTGILDSIGRFFGGDRG
>Positive|1
GVLPNIQAVLLPKKT
>Positive|1
GYAQSGLLAEITPDKA
>Positive|1
GYFADPKDPHKFYICSNWEAVHKDCPGNTRWNEDEETCT
>Positive|1
HLMQKIQRDEDSYERDPYSP
>Positive|1
HPVAINASSELHLLG
>Positive|1
HSLGKALGHPDKF
>Positive|1
ICARQDPAGNCS
>Positive|1
IELQCSGALSETGYA
>Positive|1
IHAQQKEPMIGVNQELAY
>Positive|1
ILAIAIYESRILKRK
>Positive|1
IQEVKEQRISGLLVS
>Positive|1
IRCIGVSNRDFVEGMSGGTW
>Positive|1
IRRVTRVYHNGITGETTT
>Positive|1
ISVLKSRLLKRKKYI
>Positive|1
ITAYAWVVSLGSLPLMLL
>Positive|1
ITNTATTVLLDEFGV
>Positive|1
KAIEEDLKHFNLKYE
>Positive|1
KAIFIKCDVTNIPEF
>Positive|1
KALPVVLENARILKNCVDAKMTEEDKE
>Positive|1
KAMVIVVVNKGTGNL
>Positive|1
KEGDVFIMPAAHPVAINASS
>Positive|1
KFWCLVIDALKRIG
>Positive|1
KGPFYQSFRSKVKKILSTL
>Positive|1
KGRGSRGQHQAHSLERVCHCLGCWLGHPDKFV
>Positive|1
KIDVENLIKNSKALMDLEV
>Positive|1
KKKLEDTKKALDEQVKSAIT
>Positive|1
KPCSCSKVDVNYAFLHATDL
>Positive|1
KQISSQLTEEWSQGPGAPQGPGAPQGPGAPSYVPSAEQI
>Positive|1
KSLLTEVETPIRNEWGSRCNDSSDC
>Positive|1
LADAGCSGGAYDIIICDE
>Positive|1
LAMNYDKKKLLTHQGESI
>Positive|1
LGKGIHQIFGAAFKSLFGGM
>Positive|1
LIAFTSEHSHFSLKKGAAAL
>Positive|1
LIPIMYLNSLRNPILHFM
>Positive|1
LKKRKYFLDVLESDLMQF
>Positive|1
LLECCARCLVGAPFASLVATGLCFFGVALFC
>Positive|1
LLEQNIDAYKTFP
>Positive|1
LMKLYSFLLNDSPLN
>Positive|1
LPISETGGGTPELRCGKHQA
>Positive|1
LQRFDQRSRQFQNLQ
>Positive|1
LQSSGLYSLSSVVTV
>Positive|1
LQYMRADQAAGGLR
>Positive|1
LRFQKAFLTQLDELLTEHRM
>Positive|1
LYYLTMNNKHWLVHKEWFHD
>Positive|1
MANDNDDDPTTTVHPTTTEQPDDKFECPSRFG
>Positive|1
MDEIPAEQVVLLKKA
>Positive|1
MDNNRSLDLDSIIAEVKAQYEDIANRSRAEAE
>Positive|1
MEVGWYRPPFSRVVHLYRNGK
>Positive|1
MTSRDIEVQGFRIPKGTTLI
>Positive|1
MVNKDVKQTTKKVLLQSTWFLKKFHPFDVTKI
>Positive|1
NFGDQELIRQGTDYKHWPQ
>Positive|1
NGSISLMCLALGGVLIFLST
>Positive|1
NHHNMLLSLSTSGVL
>Positive|1
NQDFTNRINKLKNS
>Positive|1
NQLPDEFVVIERKKRSLS
>Positive|1
NQVYYRPVDQYSNQNNFVHDCVNITIKQHT
>Positive|1
NRMVNHFIAEFKRKH
>Positive|1
PAFGANSNNPDWDFNPNKDHWPEANQV
>Positive|1
PKYVKQNTLKLAT
>Positive|1
PPKPKDTLMISRTPE
>Positive|1
PQDLIEQLKIYAQRC
>Positive|1
PQDREELLRALLLKR
>Positive|1
PRIGGQRELKKITE
>Positive|1
PSLRTLEDNEERMSRLSKVA
>Positive|1
QAPLKFHFGLNLKLYQWIL
>Positive|1
QKLFKTLQSLFADFN
>Positive|1
QSIIFHPPNVHPGSG
>Positive|1
QVSVEIEWELQKENS
>Positive|1
QYAGTDGPCKVPAQMAVDMQ
>Positive|1
REQSCRRPNAQRFGISNYCQIYPPNVNKIREALAQTH
>Positive|1
RGPVNYHFSNYMNLD
>Positive|1
RLTPYILVLASDTIAFNV
>Positive|1
RQQEQQFKRELRNLPQQCGL
>Positive|1
RTEQKDFDGRSEFAYGSFVR
>Positive|1
SAERPLVYISSVAYGRQ
>Positive|1
SAINHALDVADKYDVQ
>Positive|1
SCSVMHEALHNHYTQ
>Positive|1
SEDRETRPHGRNNENRSYNR
>Positive|1
SFSVPTGQPRPSHHGVFAFL
>Positive|1
SHLVAALYLVAGERG
>Positive|1
SLFFSAQPFEITAST
>Positive|1
SLSYEPALLEPYLFHEFGS
>Positive|1
SPLGQSQPTVAGQPSARPAAEEYGYIVTDQKPLSLAAGVK
>Positive|1
SQKDLLEQKRGRVDNYCR
>Positive|1
SSKPPSKRLTFGWHR
>Positive|1
SVFLFPPKPKDTLMI
>Positive|1
TAGTTVYGAFDPLLAVAD
>Positive|1
TAIFQDTVRAEMTKVLAPAFKKELERNNQ
>Positive|1
THANALTVMGKASGPGA
>Positive|1
TKGDSYYKMMKSNIETVHGS
>Positive|1
TVNGTTRTVNPLGFFKKEALPK
>Positive|1
VELSLEVSEEGNMTLTSFEVRQFANV
>Positive|1
VIVELIPSTSSAV
>Positive|1
VNKIKHQEVLKLLSLQFEKS
>Positive|1
VPAQMAVDMQTLTPVGRLIT
>Positive|1
VPYFVRVQGLLRICALARKAV
>Positive|1
VRKVFLRLLPQLLRMHVRPL
>Positive|1
VVPVAARLLLE
>Positive|1
WDEDGAKRIPVDVSE
>Positive|1
YFPEPVTVSWNSGAL
>Positive|1
YLGYLEQLLRLKKYKVPQ
>Positive|1
YNYEFALESIKLLIKKLDELAKKVKAVNPDEYY
>Positive|1
YPNELLQEYNWELADQPQNL
>Positive|1
YPVYPFLASNAALLN
>Negative|0
AAKFIIEEDSEAMEK
>Negative|0
AASGAATVAAGGYKV
>Negative|0
AATGIGLEYVKQLLE
>Negative|0
AEIYNKDGNKVDLYGKAVGL
>Negative|0
AETQHGTIVIRVQYE
>Negative|0
AETQHGTTVVKVKYE
>Negative|0
AEVDEFLEKLSLLLN
>Negative|0
AKKAVEDAQKALDDA
>Negative|0
AKLAEASQAADESER
>Negative|0
ALNSIQQFISSEMVE
>Negative|0
ANDAEVQAAVAYLQS
>Negative|0
AQQRRKQWWNESKAQ
>Negative|0
ASILGLQNMAGCPVY
>Negative|0
ASPLTGIADASQSSM
>Negative|0
ASYADNSNSEVRKIK
>Negative|0
ATPPGSVTVSHPNIEEVA
>Negative|0
ATTANVPPADKYKTF
>Negative|0
AVKENNSIKIQLYTH
>Negative|0
AYLHFLFEMTKDPVF
>Negative|0
CGRNQKPSRLTRSANNVLLEY
>Negative|0
CSFWSKYISSLKTSADGAK
>Negative|0
DALTLRTATNIWIDHNSFSN
>Negative|0
DAVSQAGTWSALNSI
>Negative|0
DDLYALFQEKLETSP
>Negative|0
DENAFRDMVRRCNNV
>Negative|0
DGTTTATVLAQAIVR
>Negative|0
DHNDIITALCFSPNR
>Negative|0
DLLGIPHIPVSGRKY
>Negative|0
DNNGNRHVPNSEDRETRPHG
>Negative|0
DRTNLQEAQPLGNGKKAEQW
>Negative|0
DTIKKMANDVIQSPGEGTTG
>Negative|0
DVLAILPIEDLKALF
>Negative|0
DWEDRYYRENMYRYPNQVYYRPVDQYSN
>Negative|0
EEDLERSEERLATAT
>Negative|0
EFRASPFLECHGRGTCNYYS
>Negative|0
EGCTSELQEQCEEERCLPKR
>Negative|0
EGRCKANKIQDK
>Negative|0
EHNPRKVIDLLLSLY
>Negative|0
EIDGKQTHQSVAISR
>Negative|0
EKLHWDVVPMSQQPF
>Negative|0
EMLGHRLDDDMLQEI
>Negative|0
EQRLRERDEELESLRKSTTRTI
>Negative|0
ERAETGESKIVELEE
>Negative|0
ERLRRGMFALLPMDRFMVGI
>Negative|0
EVIPTAFKIGKTYTP
>Negative|0
EYLKSDEFETIVVTV
>Negative|0
FLDTELVYPTSLGFP
>Negative|0
FLVHREWFMDLNLPWSSAGSTVWRNRETLM
>Negative|0
FNTYFRYMYPTWFNY
>Negative|0
FNWENKTMGFGRSVE
>Negative|0
FRGSWIIAAGTSEAL
>Negative|0
FVATFGAASNKAFAEGLSGEPKGAAESSSKAALTSK
>Negative|0
FVVTGRVYCDPCRAG
>Negative|0
GDFGDIIMGTDMEGI
>Negative|0
GDGFIDFNEFISFCN
>Negative|0
GDNENQSTVKTNSVPNMSLDQSVVELYTWQASLALSYRLNMFTPYIGV
>Negative|0
GEFSIQTDAKTDVPM
>Negative|0
GGGPDNGPQDPDNTDDNGPQ
>Negative|0
GHGAGGASILTYKTS
>Negative|0
GHGGGDPHLPTLLLGSSGSG
>Negative|0
GIYAPDAEAYTVFAD
>Negative|0
GLALLLLLLALLFWLYIVMS
>Negative|0
GMPEVYVEGKRVDYN
>Negative|0
GNAGVGAFWRLNDAL
>Negative|0
GNDHYYEYILWKYHG
>Negative|0
GNKPVYEVAIPDRLT
>Negative|0
GQAEPDRAHYNIVTFCCKCDSTLRLCVQSTHVDIR
>Negative|0
GRLITANPIVTDKEK
>Negative|0
GRLITVNPIVTEKDS
>Negative|0
GTVDFDEFMEVMTGE
>Negative|0
GTVTESIQAHTLAKA
>Negative|0
GWVKPIIIGHHAYGDQYRAT
>Negative|0
HDKKSMGDDHFWAVR
>Negative|0
HDPLPQDPDNTDDNGPQDPD
>Negative|0
HFFSVGGEALELQGV
>Negative|0
HNLKNSHVHFRFVPS
>Negative|0
HNYFEWPPHALLVRQ
>Negative|0
HSDEHHHDDSLPHPQQATDD
>Negative|0
HVPVKFQINLDFKNH
>Negative|0
IALYLQQNWWTLLVDLLWLL
>Negative|0
IDRFPYQLHTGKNTI
>Negative|0
IDTDINFANDVLGYYKIL
>Negative|0
IKKGKKYEKTKDNNF
>Negative|0
IKKVIKEEKEKFPSSPPT
>Negative|0
IQKLKDKGVDVDHII
>Negative|0
IQSPGEGTTGKLIYNGSGK
>Negative|0
ISIVWVLSFTISCPL
>Negative|0
KAALTRTASNMNAAA
>Negative|0
KALKLSWFKKGSS
>Negative|0
KDPVKRGEPFSTYYI
>Negative|0
KEKALIIIKSLLSTNLPYGK
>Negative|0
KEPLKECGGILQAYD
>Negative|0
KGKEDPHAWLNLENG
>Negative|0
KGMSYVMCTGSFKLE
>Negative|0
KKSYDDVSFRVPPNL
>Negative|0
KLEEVAGKYNLQVRG
>Negative|0
KPRTSTPVTEF
>Negative|0
KQKTDARRKSSSFAEFSQSY
>Negative|0
KSIENNQLKCRLTDDGVLML
>Negative|0
KSSKPLVGPFNFRFM
>Negative|0
KTLNTRLKEAEARAE
>Negative|0
KTSEADLIFYNGINL
>Negative|0
KTVSEGAVDIINKWQ
>Negative|0
KVVENNLRSIFGTGE
>Negative|0
KWALPLYYKPTCVVD
>Negative|0
KYLYRPFANQDAGAK
>Negative|0
LAILPLDDLKALFNE
>Negative|0
LAIPQCRLTPLSRLPFGMAPGPGPQPG
>Negative|0
LFVDSDVIQRAYETR
>Negative|0
LGIPHIPVTGRKHLR
>Negative|0
LGQTIRNSRWSSPDN
>Negative|0
LGSVVPYTEDWPSSVSNWIE
>Negative|0
LLVSGAGDGPPLCSQNLGAP
>Negative|0
LNERRNYFVEIDRFP
>Negative|0
LNQGSDYVRGKMIEY
>Negative|0
LPAAVSDKNKAYLHF
>Negative|0
LPYITADATGPKHMNIKVTRAKLESLVE
>Negative|0
LQHLQSIEVFPEDEG
>Negative|0
LQTNGLNAIEFINNI
>Negative|0
MAKDIKFDIEARDKL
>Negative|0
MAVHQYTVALFLAVA
>Negative|0
MDRPRTPPPSYSE
>Negative|0
MGDDHFWAVRGGGGE
>Negative|0
MNWDTWRVYRDAVSQ
>Negative|0
MSNKFLGTWKLVSSENFDDYMKALGV
>Negative|0
NCKLKINHIGHTGYL
>Negative|0
NDPKCCDFVTNRAYAIASSV
>Negative|0
NTDFGNLAAQIKVPN
>Negative|0
NTEISFKLGQEFEETTADNRKTKSIV
>Negative|0
NTQYAGITKIGNQNF
>Negative|0
NVVLQKSFGGPQVTK
>Negative|0
PAANIASRYDQLVTRVVTHEMAHALG
>Negative|0
PIDQILAIAADYLAN
>Negative|0
PQPQPFPSQQPYLQ
>Negative|0
PRRQEYLSKSMALTG
>Negative|0
PSDKHIEQYLKKIKNSISTEWS
>Negative|0
PVPLPPQGSDVKVGDKIRVS
>Negative|0
QDRIGYVYALPTKAA
>Negative|0
QDTGIQIVRRSLEEP
>Negative|0
QLYTHALGVTGNTHI
>Negative|0
QNLLQKLREKGVDVD
>Negative|0
QQILQQILQQQLIP
>Negative|0
QQINHHWHKSGSSIGKAFTTTLKGAQRLAA
>Negative|0
QTDAKTDVPMSLENF
>Negative|0
QVAVRPKSDNQIKAVPASQALVAKGVHGLS
>Negative|0
QWWNESKAQIWTAMM
>Negative|0
QYIYSKVNNLNTDHG
>Negative|0
RGGWSYYAATIRKVQ
>Negative|0
RIDTPEVLKGPFTVR
>Negative|0
RIQLLEEDLERSEER
>Negative|0
RLAVDKELDEMVNEA
>Negative|0
RNEVVNDVSTYASGK
>Negative|0
RNLRASANPSKEKQK
>Negative|0
RNNENRSYNRKHNNTPKHPE
>Negative|0
RPQQPYPQSQPQYS
>Negative|0
RQLFQGQDMSEEETE
>Negative|0
RVYCDPCRAGFETNV
>Negative|0
SAEEQKEMEDKVTSPEKAEEA
>Negative|0
SAESRKLLLIVQALR
>Negative|0
SDSAGNDGGPPQLTEEVENK
>Negative|0
SDYVYQPFPKTVWEQ
>Negative|0
SFIDASNVAIIGFFK
>Negative|0
SFQQPQQQYPSGQG
>Negative|0
SHATSLVNGSSNYLL
>Negative|0
SHVHFRFVPSAAVEF
>Negative|0
SQPQYSQPQQPISQ
>Negative|0
SQQQQQQQQQQQQK
>Negative|0
SSPDEVALVEGVQSLGFTYLRLKDNYM
>Negative|0
SSQVLQQSTYQLVQ
>Negative|0
STMGGKGGDLYTVTNSDDD
>Negative|0
STWLLKPGAGIMIFD
>Negative|0
SVAYKAAVGATPEAK
>Negative|0
TAKAAGKSVMNMSLGGPRSE
>Negative|0
TARKHHRRGVGITGL
>Negative|0
TEQPVTFRPRRQLFQ
>Negative|0
TIDVNFYCVPLGPAA
>Negative|0
TKKALDFTAPAVL
>Negative|0
TLKAMPEYQDLIQRL
>Negative|0
TLLLIALWNLHGQALFLGIV
>Negative|0
TLLVDLLWLLLFLAILIWMY
>Negative|0
TLVVNKIRGTLKVAA
>Negative|0
TPGQCNMVVERLGDY
>Negative|0
TVTGRCEALYEVDHL
>Negative|0
TVWAISALVSFLPILMHWWR
>Negative|0
TVWEQILNTWLVKPG
>Negative|0
VAMPMLYNTRYSSKR
>Negative|0
VAVELLKSNKITGPH
>Negative|0
VDDAKSFIDASNVAI
>Negative|0
VEEILRLMGQPFNRR
>Negative|0
VFIICWLPFFITHIL
>Negative|0
VHVFINTQYAGITKI
>Negative|0
VIGVGDSALTLHWFR
>Negative|0
VLAKKIINNQIGPKP
>Negative|0
VLPVEIPIQCEPVLN
>Negative|0
VLSILNYKTEVNVKG
>Negative|0
VPPELVVVFDVRLAV
>Negative|0
VRKIKATQNEQTCVP
>Negative|0
VTVERKGRELTVIDY
>Negative|0
VVFDTGSSNLWVPSK
>Negative|0
VVVASQECVGGACVC
>Negative|0
WLPQAKVPFSEETQNLILPYISDMNFV
>Negative|0
YEDAKSPLTASKLTY
>Negative|0
YEGKDQFYYDKSEQY
>Negative|0
YIMSGPARYVYFHMVLPVEAQ
>Negative|0
YKVYDFVRTHLYPHV
>Negative|0
YLTRQRDLLKLLVRI
>Negative|0
YNDKGKAFSAPYSVL
>Negative|0
YNLDKIAEGLAK
>Negative|0
YPDDTKPTFHVEKGSNPNYL
>Negative|0
YSQPQQPISQQQQQ
